{"spot_diameter_fullres": 178.44077999999996, "tissue_hires_scalef": 0.08250825, "fiducial_diameter_fullres": 288.25050000000005, "tissue_lowres_scalef": 0.024752475}